{
  "_fv": 39,
  "_type": "recipe",
  "definition": {
    "recipeType": "Crafting",
    "xpReward": 0.0,
    "cookingTime": 200,
    "recipeRetstackSize": 1,
    "group": "elaina",
    "recipeShapeless": true,
    "recipeSlots": [
      {
        "value": "Items.MILK_BUCKET"
      },
      {
        "value": "Items.SUGAR"
      },
      {
        "value": "Blocks.YELLOW_FLOWER"
      },
      {
        "value": ""
      },
      {
        "value": ""
      },
      {
        "value": ""
      },
      {
        "value": ""
      },
      {
        "value": ""
      },
      {
        "value": ""
      }
    ],
    "recipeReturnStack": {
      "value": "CUSTOM:Butter"
    },
    "name": "butter_c",
    "namespace": "mod"
  }
}