{
	"format_version": "1.12.0",
	"minecraft:geometry": [
		{
			"description": {
				"identifier": "geometry.stone - Converted",
				"texture_width": 64,
				"texture_height": 64,
				"visible_bounds_width": 3,
				"visible_bounds_height": 3.5,
				"visible_bounds_offset": [0, 1.25, 0]
			},
			"bones": [
				{
					"name": "hand2",
					"pivot": [-14.29116, 25.84194, 9.25],
					"cubes": [
						{
							"origin": [-6.85884, 12.44194, -1.4],
							"size": [4.55, 7.8, 4.3],
							"pivot": [14.29116, 25.84194, 9.25],
							"rotation": [0, 0, 22.5],
							"uv": {
								"north": {"uv": [5, 28], "uv_size": [5, 8]},
								"east": {"uv": [29, 32], "uv_size": [4, 8]},
								"south": {"uv": [10, 28], "uv_size": [5, 8]},
								"west": {"uv": [33, 32], "uv_size": [4, 8]},
								"up": {"uv": [45, 35], "uv_size": [5, 4]},
								"down": {"uv": [45, 43], "uv_size": [5, -4]}
							}
						},
						{
							"origin": [-10.25884, 14.34194, -1.05],
							"size": [3.85, 7.1, 3.6],
							"uv": {
								"north": {"uv": [40, 0], "uv_size": [4, 7]},
								"east": {"uv": [40, 7], "uv_size": [4, 7]},
								"south": {"uv": [13, 40], "uv_size": [4, 7]},
								"west": {"uv": [40, 14], "uv_size": [4, 7]},
								"up": {"uv": [50, 30], "uv_size": [4, 4]},
								"down": {"uv": [50, 38], "uv_size": [4, -4]}
							}
						},
						{
							"origin": [-9.50884, 10.34194, -0.55],
							"size": [1.85, 4.1, 2.6],
							"uv": {
								"north": {"uv": [38, 0], "uv_size": [2, 4]},
								"east": {"uv": [51, 45], "uv_size": [3, 4]},
								"south": {"uv": [34, 46], "uv_size": [2, 4]},
								"west": {"uv": [0, 52], "uv_size": [3, 4]},
								"down": {"uv": [28, 60], "uv_size": [2, -3]}
							}
						},
						{
							"origin": [-12.05884, 20.64194, -1.35],
							"size": [1.15, 3.3, 0.85],
							"pivot": [14.29116, 25.84194, 9.25],
							"rotation": [0, 0, -22.5],
							"uv": {
								"north": {"uv": [12, 43], "uv_size": [1, 3]},
								"east": {"uv": [30, 57], "uv_size": [1, 3]},
								"south": {"uv": [18, 58], "uv_size": [1, 3]},
								"west": {"uv": [42, 58], "uv_size": [1, 3]},
								"up": {"uv": [44, 20], "uv_size": [1, 1]},
								"down": {"uv": [31, 46], "uv_size": [1, -1]}
							}
						},
						{
							"origin": [-13.92573, 17.64442, -0.7],
							"size": [1.05, 2.7, 0.65],
							"pivot": [13.22427, 26.14442, 10.05],
							"rotation": [0, 0, -22.5],
							"uv": {
								"north": {"uv": [6, 59], "uv_size": [1, 3]},
								"east": {"uv": [7, 59], "uv_size": [1, 3]},
								"south": {"uv": [8, 59], "uv_size": [1, 3]},
								"west": {"uv": [9, 59], "uv_size": [1, 3]},
								"up": {"uv": [22, 52], "uv_size": [1, 1]},
								"down": {"uv": [53, 45], "uv_size": [1, -1]}
							}
						},
						{
							"origin": [-13.92573, 17.64442, 0],
							"size": [1.05, 2.7, 0.65],
							"pivot": [13.22427, 26.14442, 10.05],
							"rotation": [0, 0, -22.5],
							"uv": {
								"north": {"uv": [59, 19], "uv_size": [1, 3]},
								"east": {"uv": [20, 59], "uv_size": [1, 3]},
								"south": {"uv": [21, 59], "uv_size": [1, 3]},
								"west": {"uv": [22, 59], "uv_size": [1, 3]},
								"up": {"uv": [56, 5], "uv_size": [1, 1]},
								"down": {"uv": [9, 57], "uv_size": [1, -1]}
							}
						},
						{
							"origin": [-13.92573, 17.64442, 0.8],
							"size": [1.05, 2.7, 0.65],
							"pivot": [13.22427, 26.14442, 10.05],
							"rotation": [0, 0, -22.5],
							"uv": {
								"north": {"uv": [26, 59], "uv_size": [1, 3]},
								"east": {"uv": [27, 59], "uv_size": [1, 3]},
								"south": {"uv": [59, 30], "uv_size": [1, 3]},
								"west": {"uv": [31, 59], "uv_size": [1, 3]},
								"up": {"uv": [36, 57], "uv_size": [1, 1]},
								"down": {"uv": [57, 47], "uv_size": [1, -1]}
							}
						},
						{
							"origin": [-13.92573, 17.64442, 1.6],
							"size": [1.05, 2.7, 0.65],
							"pivot": [13.22427, 26.14442, 10.05],
							"rotation": [0, 0, -22.5],
							"uv": {
								"north": {"uv": [35, 59], "uv_size": [1, 3]},
								"east": {"uv": [59, 36], "uv_size": [1, 3]},
								"south": {"uv": [59, 39], "uv_size": [1, 3]},
								"west": {"uv": [59, 42], "uv_size": [1, 3]},
								"up": {"uv": [60, 4], "uv_size": [1, 1]},
								"down": {"uv": [60, 10], "uv_size": [1, -1]}
							}
						}
					]
				},
				{
					"name": "hand1",
					"pivot": [-14.29116, 25.84194, 9.25],
					"cubes": [
						{
							"origin": [7.65884, 10.34194, -0.55],
							"size": [1.85, 4.1, 2.6],
							"uv": {
								"north": {"uv": [22, 8], "uv_size": [2, 4]},
								"east": {"uv": [38, 51], "uv_size": [3, 4]},
								"south": {"uv": [13, 36], "uv_size": [2, 4]},
								"west": {"uv": [41, 51], "uv_size": [3, 4]},
								"down": {"uv": [15, 50], "uv_size": [2, -3]}
							}
						},
						{
							"origin": [2.30884, 12.44194, -1.4],
							"size": [4.55, 7.8, 4.3],
							"pivot": [-14.29116, 25.84194, 9.25],
							"rotation": [0, 0, -22.5],
							"uv": {
								"north": {"uv": [27, 0], "uv_size": [5, 8]},
								"east": {"uv": [21, 32], "uv_size": [4, 8]},
								"south": {"uv": [0, 28], "uv_size": [5, 8]},
								"west": {"uv": [25, 32], "uv_size": [4, 8]},
								"up": {"uv": [45, 27], "uv_size": [5, 4]},
								"down": {"uv": [45, 35], "uv_size": [5, -4]}
							}
						},
						{
							"origin": [6.40884, 14.34194, -1.05],
							"size": [3.85, 7.1, 3.6],
							"uv": {
								"north": {"uv": [5, 36], "uv_size": [4, 7]},
								"east": {"uv": [9, 36], "uv_size": [4, 7]},
								"south": {"uv": [37, 30], "uv_size": [4, 7]},
								"west": {"uv": [37, 37], "uv_size": [4, 7]},
								"up": {"uv": [50, 12], "uv_size": [4, 4]},
								"down": {"uv": [50, 30], "uv_size": [4, -4]}
							}
						},
						{
							"origin": [10.90884, 20.64194, -1.35],
							"size": [1.15, 3.3, 0.85],
							"pivot": [-14.29116, 25.84194, 9.25],
							"rotation": [0, 0, 22.5],
							"uv": {
								"north": {"uv": [20, 34], "uv_size": [1, 3]},
								"east": {"uv": [20, 37], "uv_size": [1, 3]},
								"south": {"uv": [40, 26], "uv_size": [1, 3]},
								"west": {"uv": [36, 40], "uv_size": [1, 3]},
								"up": {"uv": [4, 42], "uv_size": [1, 1]},
								"down": {"uv": [36, 44], "uv_size": [1, -1]}
							}
						},
						{
							"origin": [12.87573, 17.64442, -0.7],
							"size": [1.05, 2.7, 0.65],
							"pivot": [-13.22427, 26.14442, 10.05],
							"rotation": [0, 0, 22.5],
							"uv": {
								"north": {"uv": [59, 2], "uv_size": [1, 3]},
								"east": {"uv": [3, 59], "uv_size": [1, 3]},
								"south": {"uv": [4, 59], "uv_size": [1, 3]},
								"west": {"uv": [5, 59], "uv_size": [1, 3]},
								"up": {"uv": [12, 46], "uv_size": [1, 1]},
								"down": {"uv": [3, 53], "uv_size": [1, -1]}
							}
						},
						{
							"origin": [12.87573, 17.64442, 0],
							"size": [1.05, 2.7, 0.65],
							"pivot": [-13.22427, 26.14442, 10.05],
							"rotation": [0, 0, 22.5],
							"uv": {
								"north": {"uv": [10, 59], "uv_size": [1, 3]},
								"east": {"uv": [11, 59], "uv_size": [1, 3]},
								"south": {"uv": [59, 12], "uv_size": [1, 3]},
								"west": {"uv": [19, 59], "uv_size": [1, 3]},
								"up": {"uv": [37, 54], "uv_size": [1, 1]},
								"down": {"uv": [55, 20], "uv_size": [1, -1]}
							}
						},
						{
							"origin": [12.87573, 17.64442, 0.8],
							"size": [1.05, 2.7, 0.65],
							"pivot": [-13.22427, 26.14442, 10.05],
							"rotation": [0, 0, 22.5],
							"uv": {
								"north": {"uv": [59, 22], "uv_size": [1, 3]},
								"east": {"uv": [23, 59], "uv_size": [1, 3]},
								"south": {"uv": [24, 59], "uv_size": [1, 3]},
								"west": {"uv": [25, 59], "uv_size": [1, 3]},
								"up": {"uv": [56, 25], "uv_size": [1, 1]},
								"down": {"uv": [12, 58], "uv_size": [1, -1]}
							}
						},
						{
							"origin": [12.87573, 17.64442, 1.6],
							"size": [1.05, 2.7, 0.65],
							"pivot": [-13.22427, 26.14442, 10.05],
							"rotation": [0, 0, 22.5],
							"uv": {
								"north": {"uv": [32, 59], "uv_size": [1, 3]},
								"east": {"uv": [33, 59], "uv_size": [1, 3]},
								"south": {"uv": [59, 33], "uv_size": [1, 3]},
								"west": {"uv": [34, 59], "uv_size": [1, 3]},
								"up": {"uv": [49, 57], "uv_size": [1, 1]},
								"down": {"uv": [59, 56], "uv_size": [1, -1]}
							}
						}
					]
				},
				{
					"name": "head",
					"pivot": [7.5, 13, 9.25],
					"cubes": [
						{
							"origin": [-1.5, 13, -0.75],
							"size": [3, 3, 3.75],
							"uv": {
								"north": {"uv": [50, 55], "uv_size": [3, 3]},
								"east": {"uv": [48, 3], "uv_size": [4, 3]},
								"south": {"uv": [53, 55], "uv_size": [3, 3]},
								"west": {"uv": [50, 38], "uv_size": [4, 3]},
								"up": {"uv": [21, 28], "uv_size": [3, 4]},
								"down": {"uv": [50, 45], "uv_size": [3, -4]}
							}
						},
						{
							"origin": [-1.75, 15.5, -1],
							"size": [3.5, 3, 4],
							"uv": {
								"north": {"uv": [45, 50], "uv_size": [4, 3]},
								"east": {"uv": [49, 50], "uv_size": [4, 3]},
								"south": {"uv": [27, 51], "uv_size": [4, 3]},
								"west": {"uv": [34, 51], "uv_size": [4, 3]},
								"up": {"uv": [8, 49], "uv_size": [4, 4]},
								"down": {"uv": [23, 53], "uv_size": [4, -4]}
							}
						},
						{
							"origin": [0.05, 17.25, -2.5],
							"size": [2, 1.5, 0.75],
							"uv": {
								"north": {"uv": [58, 16], "uv_size": [2, 2]},
								"east": {"uv": [43, 55], "uv_size": [1, 2]},
								"south": {"uv": [36, 58], "uv_size": [2, 2]},
								"west": {"uv": [55, 53], "uv_size": [1, 2]},
								"up": {"uv": [48, 26], "uv_size": [2, 1]},
								"down": {"uv": [34, 51], "uv_size": [2, -1]}
							}
						},
						{
							"origin": [-2.05, 17.25, -2.5],
							"size": [2, 1.5, 0.75],
							"uv": {
								"north": {"uv": [38, 58], "uv_size": [2, 2]},
								"east": {"uv": [43, 59], "uv_size": [1, 2]},
								"south": {"uv": [40, 58], "uv_size": [2, 2]},
								"west": {"uv": [44, 59], "uv_size": [1, 2]},
								"up": {"uv": [51, 49], "uv_size": [2, 1]},
								"down": {"uv": [25, 54], "uv_size": [2, -1]}
							}
						},
						{
							"origin": [0.1, 19, -2.6],
							"size": [2.25, 1.5, 0.85],
							"uv": {
								"north": {"uv": [58, 46], "uv_size": [2, 2]},
								"east": {"uv": [45, 59], "uv_size": [1, 2]},
								"south": {"uv": [58, 48], "uv_size": [2, 2]},
								"west": {"uv": [46, 59], "uv_size": [1, 2]},
								"up": {"uv": [54, 2], "uv_size": [2, 1]},
								"down": {"uv": [59, 16], "uv_size": [2, -1]}
							}
						},
						{
							"origin": [-2.35, 19, -2.6],
							"size": [2.25, 1.5, 0.85],
							"uv": {
								"north": {"uv": [49, 58], "uv_size": [2, 2]},
								"east": {"uv": [47, 59], "uv_size": [1, 2]},
								"south": {"uv": [58, 50], "uv_size": [2, 2]},
								"west": {"uv": [48, 59], "uv_size": [1, 2]},
								"up": {"uv": [59, 45], "uv_size": [2, 1]},
								"down": {"uv": [51, 60], "uv_size": [2, -1]}
							}
						},
						{
							"origin": [0.25, 20.65, -2.75],
							"size": [2.5, 1.5, 1],
							"uv": {
								"north": {"uv": [32, 6], "uv_size": [3, 2]},
								"east": {"uv": [53, 59], "uv_size": [1, 2]},
								"south": {"uv": [3, 57], "uv_size": [3, 2]},
								"west": {"uv": [59, 53], "uv_size": [1, 2]},
								"up": {"uv": [58, 18], "uv_size": [3, 1]},
								"down": {"uv": [51, 59], "uv_size": [3, -1]}
							}
						},
						{
							"origin": [-2.75, 20.65, -2.75],
							"size": [2.5, 1.5, 1],
							"uv": {
								"north": {"uv": [9, 57], "uv_size": [3, 2]},
								"east": {"uv": [54, 59], "uv_size": [1, 2]},
								"south": {"uv": [57, 9], "uv_size": [3, 2]},
								"west": {"uv": [55, 59], "uv_size": [1, 2]},
								"up": {"uv": [58, 52], "uv_size": [3, 1]},
								"down": {"uv": [54, 59], "uv_size": [3, -1]}
							}
						},
						{
							"origin": [0.5, 22.3, -3],
							"size": [3, 1.95, 1.25],
							"uv": {
								"north": {"uv": [22, 57], "uv_size": [3, 2]},
								"east": {"uv": [56, 59], "uv_size": [1, 2]},
								"south": {"uv": [25, 57], "uv_size": [3, 2]},
								"west": {"uv": [57, 59], "uv_size": [1, 2]},
								"up": {"uv": [57, 58], "uv_size": [3, 1]},
								"down": {"uv": [0, 60], "uv_size": [3, -1]}
							}
						},
						{
							"origin": [-3.5, 22.3, -3],
							"size": [3, 1.95, 1.25],
							"uv": {
								"north": {"uv": [57, 25], "uv_size": [3, 2]},
								"east": {"uv": [58, 59], "uv_size": [1, 2]},
								"south": {"uv": [57, 27], "uv_size": [3, 2]},
								"west": {"uv": [59, 59], "uv_size": [1, 2]},
								"up": {"uv": [59, 0], "uv_size": [3, 1]},
								"down": {"uv": [59, 2], "uv_size": [3, -1]}
							}
						},
						{
							"origin": [-2.5, 17, -1.75],
							"size": [5.25, 8, 5],
							"uv": {
								"north": {"uv": [22, 0], "uv_size": [5, 8]},
								"east": {"uv": [24, 8], "uv_size": [5, 8]},
								"south": {"uv": [24, 16], "uv_size": [5, 8]},
								"west": {"uv": [24, 24], "uv_size": [5, 8]},
								"down": {"uv": [17, 45], "uv_size": [5, -5]}
							}
						},
						{
							"origin": [-5.5, 22.75, -2.25],
							"size": [11.25, 6.25, 5.8],
							"uv": {
								"north": {"uv": [0, 0], "uv_size": [11, 6]},
								"east": {"uv": [15, 28], "uv_size": [6, 6]},
								"south": {"uv": [0, 6], "uv_size": [11, 6]},
								"west": {"uv": [29, 8], "uv_size": [6, 6]},
								"up": {"uv": [11, 0], "uv_size": [11, 6]},
								"down": {"uv": [11, 12], "uv_size": [11, -6]}
							}
						},
						{
							"origin": [-2.25, 29, -1.25],
							"size": [4.75, 2, 4],
							"uv": {
								"north": {"uv": [53, 49], "uv_size": [5, 2]},
								"east": {"uv": [54, 47], "uv_size": [4, 2]},
								"south": {"uv": [50, 53], "uv_size": [5, 2]},
								"west": {"uv": [56, 56], "uv_size": [4, 2]}
							}
						},
						{
							"origin": [-5.04105, 32.58859, -1.25],
							"size": [4.75, 1.75, 4],
							"pivot": [-10.29105, 13.58859, 9.25],
							"rotation": [0, 0, 22.5],
							"uv": {
								"north": {"uv": [53, 51], "uv_size": [5, 2]},
								"south": {"uv": [54, 0], "uv_size": [5, 2]},
								"west": {"uv": [57, 5], "uv_size": [4, 2]},
								"up": {"uv": [23, 45], "uv_size": [5, 4]}
							}
						},
						{
							"origin": [0.54105, 32.58859, -1.25],
							"size": [4.75, 1.75, 4],
							"pivot": [10.54105, 13.58859, 9.25],
							"rotation": [0, 0, -22.5],
							"uv": {
								"north": {"uv": [54, 12], "uv_size": [5, 2]},
								"east": {"uv": [57, 7], "uv_size": [4, 2]},
								"south": {"uv": [54, 14], "uv_size": [5, 2]},
								"up": {"uv": [45, 43], "uv_size": [5, 4]}
							}
						},
						{
							"origin": [-2.25, 23.75, -3.25],
							"size": [4.75, 5.25, 1],
							"uv": {
								"north": {"uv": [40, 21], "uv_size": [5, 5]},
								"up": {"uv": [57, 11], "uv_size": [5, 1]},
								"down": {"uv": [57, 30], "uv_size": [5, -1]}
							}
						},
						{
							"origin": [-4.75, 23.75, -6.5],
							"size": [5.75, 5.75, 2.5],
							"pivot": [-7.5, 13, 9.25],
							"rotation": [0, -22.5, 0],
							"uv": {
								"north": {"uv": [29, 14], "uv_size": [6, 6]},
								"east": {"uv": [28, 45], "uv_size": [3, 6]},
								"south": {"uv": [29, 20], "uv_size": [6, 6]},
								"west": {"uv": [31, 46], "uv_size": [3, 6]},
								"up": {"uv": [47, 6], "uv_size": [6, 3]},
								"down": {"uv": [47, 12], "uv_size": [6, -3]}
							}
						},
						{
							"origin": [-1, 23.75, -6.5],
							"size": [5.75, 5.75, 2.5],
							"pivot": [7.5, 13, 9.25],
							"rotation": [0, 22.5, 0],
							"uv": {
								"north": {"uv": [29, 26], "uv_size": [6, 6]},
								"east": {"uv": [12, 47], "uv_size": [3, 6]},
								"south": {"uv": [32, 0], "uv_size": [6, 6]},
								"west": {"uv": [47, 12], "uv_size": [3, 6]},
								"up": {"uv": [45, 47], "uv_size": [6, 3]},
								"down": {"uv": [48, 3], "uv_size": [6, -3]}
							}
						},
						{
							"origin": [-4, 31, -4],
							"size": [8, 8, 8],
							"uv": {
								"north": {"uv": [0, 12], "uv_size": [8, 8]},
								"east": {"uv": [8, 12], "uv_size": [8, 8]},
								"south": {"uv": [16, 12], "uv_size": [8, 8]},
								"west": {"uv": [0, 20], "uv_size": [8, 8]},
								"up": {"uv": [8, 20], "uv_size": [8, 8]},
								"down": {"uv": [16, 28], "uv_size": [8, -8]}
							}
						},
						{
							"origin": [-3.9616, 22.82686, -1.75],
							"size": [4.75, 6, 5],
							"pivot": [-6.4616, 15.82686, 9.25],
							"rotation": [0, 0, 22.5],
							"uv": {
								"north": {"uv": [15, 34], "uv_size": [5, 6]},
								"south": {"uv": [35, 6], "uv_size": [5, 6]},
								"west": {"uv": [35, 12], "uv_size": [5, 6]},
								"down": {"uv": [22, 45], "uv_size": [5, -5]}
							}
						},
						{
							"origin": [-0.96539, 16.97347, -1.75],
							"size": [4.75, 6, 5],
							"pivot": [-8.21539, 13.97347, 9.25],
							"rotation": [0, 0, -22.5],
							"uv": {
								"north": {"uv": [35, 18], "uv_size": [5, 6]},
								"east": {"uv": [35, 24], "uv_size": [5, 6]},
								"south": {"uv": [0, 36], "uv_size": [5, 6]},
								"down": {"uv": [27, 45], "uv_size": [5, -5]}
							}
						},
						{
							"origin": [1.25, 15.25, -1],
							"size": [3.25, 3, 3.75],
							"uv": {
								"north": {"uv": [0, 56], "uv_size": [3, 3]},
								"east": {"uv": [52, 3], "uv_size": [4, 3]},
								"south": {"uv": [56, 2], "uv_size": [3, 3]},
								"west": {"uv": [15, 52], "uv_size": [4, 3]},
								"up": {"uv": [52, 16], "uv_size": [3, 4]},
								"down": {"uv": [19, 56], "uv_size": [3, -4]}
							}
						},
						{
							"origin": [-4.25, 15.25, -1],
							"size": [3.25, 3, 3.75],
							"uv": {
								"north": {"uv": [6, 56], "uv_size": [3, 3]},
								"east": {"uv": [52, 20], "uv_size": [4, 3]},
								"south": {"uv": [19, 56], "uv_size": [3, 3]},
								"west": {"uv": [52, 23], "uv_size": [4, 3]},
								"up": {"uv": [31, 52], "uv_size": [3, 4]},
								"down": {"uv": [3, 57], "uv_size": [3, -4]}
							}
						},
						{
							"origin": [-3.5, 13, -3.5],
							"size": [2.75, 3, 3.75],
							"pivot": [-7.5, 14, 9.25],
							"rotation": [0, -22.5, 0],
							"uv": {
								"north": {"uv": [56, 19], "uv_size": [3, 3]},
								"east": {"uv": [6, 53], "uv_size": [4, 3]},
								"south": {"uv": [56, 22], "uv_size": [3, 3]},
								"west": {"uv": [53, 6], "uv_size": [4, 3]},
								"up": {"uv": [10, 53], "uv_size": [3, 4]},
								"down": {"uv": [22, 57], "uv_size": [3, -4]}
							}
						},
						{
							"origin": [-0.5, 13, 2.25],
							"size": [2.75, 3, 3.75],
							"pivot": [-7.5, 14, 9.25],
							"rotation": [0, 22.5, 0],
							"uv": {
								"north": {"uv": [31, 56], "uv_size": [3, 3]},
								"east": {"uv": [53, 9], "uv_size": [4, 3]},
								"south": {"uv": [56, 53], "uv_size": [3, 3]},
								"west": {"uv": [53, 41], "uv_size": [4, 3]},
								"up": {"uv": [44, 53], "uv_size": [3, 4]},
								"down": {"uv": [47, 57], "uv_size": [3, -4]}
							}
						}
					]
				},
				{
					"name": "foot",
					"pivot": [7.5, 13, 9.25],
					"cubes": [
						{
							"origin": [1.5, 0.25, 0],
							"size": [1, 2, 1],
							"uv": {
								"north": {"uv": [0, 60], "uv_size": [1, 2]},
								"east": {"uv": [1, 60], "uv_size": [1, 2]},
								"south": {"uv": [2, 60], "uv_size": [1, 2]},
								"west": {"uv": [60, 2], "uv_size": [1, 2]},
								"down": {"uv": [60, 11], "uv_size": [1, -1]}
							}
						},
						{
							"origin": [1.25, 2.25, -0.25],
							"size": [1.5, 2, 1.5],
							"uv": {
								"north": {"uv": [35, 30], "uv_size": [2, 2]},
								"east": {"uv": [38, 4], "uv_size": [2, 2]},
								"south": {"uv": [15, 50], "uv_size": [2, 2]},
								"west": {"uv": [50, 16], "uv_size": [2, 2]},
								"down": {"uv": [13, 55], "uv_size": [2, -2]}
							}
						},
						{
							"origin": [1, 4.25, -0.5],
							"size": [2, 1.75, 2],
							"uv": {
								"north": {"uv": [57, 30], "uv_size": [2, 2]},
								"east": {"uv": [57, 32], "uv_size": [2, 2]},
								"south": {"uv": [34, 57], "uv_size": [2, 2]},
								"west": {"uv": [57, 34], "uv_size": [2, 2]},
								"down": {"uv": [57, 38], "uv_size": [2, -2]}
							}
						},
						{
							"origin": [0.5, 6, -0.75],
							"size": [3, 7, 3],
							"uv": {
								"north": {"uv": [44, 6], "uv_size": [3, 7]},
								"east": {"uv": [44, 13], "uv_size": [3, 7]},
								"south": {"uv": [36, 44], "uv_size": [3, 7]},
								"west": {"uv": [39, 44], "uv_size": [3, 7]},
								"down": {"uv": [25, 57], "uv_size": [3, -3]}
							}
						},
						{
							"origin": [0.25, 6.62431, -2.07038],
							"size": [3.5, 6, 3.5],
							"pivot": [0, 9.12431, 4.17962],
							"rotation": [-22.5, 0, 0],
							"uv": {
								"north": {"uv": [0, 42], "uv_size": [4, 6]},
								"east": {"uv": [4, 43], "uv_size": [4, 6]},
								"south": {"uv": [8, 43], "uv_size": [4, 6]},
								"west": {"uv": [44, 0], "uv_size": [4, 6]},
								"up": {"uv": [48, 22], "uv_size": [4, 4]},
								"down": {"uv": [4, 53], "uv_size": [4, -4]}
							}
						},
						{
							"origin": [0.75, 7.87431, -1.57038],
							"size": [2.5, 3.25, 2.5],
							"pivot": [0, 9.12431, 4.17962],
							"rotation": [22.5, 0, 0],
							"uv": {
								"north": {"uv": [54, 44], "uv_size": [3, 3]},
								"east": {"uv": [13, 55], "uv_size": [3, 3]},
								"south": {"uv": [16, 55], "uv_size": [3, 3]},
								"west": {"uv": [55, 16], "uv_size": [3, 3]},
								"up": {"uv": [37, 55], "uv_size": [3, 3]},
								"down": {"uv": [40, 58], "uv_size": [3, -3]}
							}
						}
					]
				},
				{
					"name": "foot1",
					"pivot": [0, 0, 0],
					"cubes": [
						{
							"origin": [-3.5, 6, -0.75],
							"size": [3, 7, 3],
							"uv": {
								"north": {"uv": [42, 44], "uv_size": [3, 7]},
								"east": {"uv": [17, 45], "uv_size": [3, 7]},
								"south": {"uv": [20, 45], "uv_size": [3, 7]},
								"west": {"uv": [45, 20], "uv_size": [3, 7]},
								"down": {"uv": [54, 29], "uv_size": [3, -3]}
							}
						},
						{
							"origin": [-2.75, 2.25, -0.25],
							"size": [1.5, 2, 1.5],
							"uv": {
								"north": {"uv": [57, 38], "uv_size": [2, 2]},
								"east": {"uv": [57, 40], "uv_size": [2, 2]},
								"south": {"uv": [57, 42], "uv_size": [2, 2]},
								"west": {"uv": [43, 57], "uv_size": [2, 2]},
								"down": {"uv": [57, 46], "uv_size": [2, -2]}
							}
						},
						{
							"origin": [-3, 4.25, -0.5],
							"size": [2, 1.75, 2],
							"uv": {
								"north": {"uv": [45, 57], "uv_size": [2, 2]},
								"east": {"uv": [47, 57], "uv_size": [2, 2]},
								"south": {"uv": [12, 58], "uv_size": [2, 2]},
								"west": {"uv": [14, 58], "uv_size": [2, 2]},
								"down": {"uv": [16, 60], "uv_size": [2, -2]}
							}
						},
						{
							"origin": [-3.75, 6.62431, -2.07038],
							"size": [3.5, 6, 3.5],
							"pivot": [0, 9.12431, 4.17962],
							"rotation": [-22.5, 0, 0],
							"uv": {
								"north": {"uv": [32, 40], "uv_size": [4, 6]},
								"east": {"uv": [41, 26], "uv_size": [4, 6]},
								"south": {"uv": [41, 32], "uv_size": [4, 6]},
								"west": {"uv": [41, 38], "uv_size": [4, 6]},
								"up": {"uv": [0, 48], "uv_size": [4, 4]},
								"down": {"uv": [48, 22], "uv_size": [4, -4]}
							}
						},
						{
							"origin": [-3.25, 7.87431, -1.57038],
							"size": [2.5, 3.25, 2.5],
							"pivot": [0, 9.12431, 4.17962],
							"rotation": [22.5, 0, 0],
							"uv": {
								"north": {"uv": [28, 54], "uv_size": [3, 3]},
								"east": {"uv": [54, 29], "uv_size": [3, 3]},
								"south": {"uv": [54, 32], "uv_size": [3, 3]},
								"west": {"uv": [34, 54], "uv_size": [3, 3]},
								"up": {"uv": [54, 35], "uv_size": [3, 3]},
								"down": {"uv": [54, 41], "uv_size": [3, -3]}
							}
						},
						{
							"origin": [-2.5, 0.25, 0],
							"size": [1, 2, 1],
							"uv": {
								"north": {"uv": [47, 18], "uv_size": [1, 2]},
								"east": {"uv": [27, 49], "uv_size": [1, 2]},
								"south": {"uv": [50, 45], "uv_size": [1, 2]},
								"west": {"uv": [44, 51], "uv_size": [1, 2]},
								"down": {"uv": [40, 30], "uv_size": [1, -1]}
							}
						}
					]
				}
			]
		}
	]
}