{
  "type": "minecraft:chest",
  "pools": [
    {
      "rolls": 1,
      "entries": [
        {
          "type": "minecraft:item",
          "name": "elainamod:croissantbread",
          "weight": 1,
          "functions": [
            {
              "function": "set_count",
              "count": {
                "min": 4,
                "max": 10
              }
            }
          ]
        }
      ]
    },
    {
      "rolls": 1,
      "entries": [
        {
          "type": "minecraft:item",
          "name": "elainamod:amnesias_sabre_item",
          "weight": 1,
          "functions": [
            {
              "function": "set_count",
              "count": {
                "min": 0,
                "max": 1
              }
            }
          ]
        }
      ]
    },
    {
      "rolls": 1,
      "entries": [
        {
          "type": "minecraft:item",
          "name": "minecraft:bread",
          "weight": 1,
          "functions": [
            {
              "function": "set_count",
              "count": {
                "min": 13,
                "max": 23
              }
            }
          ]
        }
      ]
    },
    {
      "rolls": 1,
      "entries": [
        {
          "type": "minecraft:item",
          "name": "minecraft:cooked_cod",
          "weight": 1,
          "functions": [
            {
              "function": "set_count",
              "count": {
                "min": 8,
                "max": 20
              }
            }
          ]
        }
      ]
    },
    {
      "rolls": 1,
      "entries": [
        {
          "type": "minecraft:item",
          "name": "minecraft:cod",
          "weight": 1,
          "functions": [
            {
              "function": "set_count",
              "count": {
                "min": 3,
                "max": 7
              }
            }
          ]
        }
      ]
    },
    {
      "rolls": 1,
      "entries": [
        {
          "type": "minecraft:item",
          "name": "elainamod:majobrooch",
          "weight": 1,
          "functions": [
            {
              "function": "set_count",
              "count": {
                "min": 4,
                "max": 9
              }
            }
          ]
        }
      ]
    }
  ]
}